username,video_id,created_time,desc,play_count,like_count,comment_count,share_count,duration
vanzzcoser,7617175902501260565,2026-03-15 02:13:01,"出镜/CN:凉子Mojito 游戏 ─ Games: honor of kings 来源 ─ source: 抖音 | Douyin 扮演者的名字 ─ Cosplayer: 凉子Mojito ────────────────── 如果你知道另一个页面属于所有者, 请告诉我. 请通过电子邮件或私信联系我. 如果角色扮演者来源的标签或命名有误. ────────────────── © Copyright - I have no rights on the video or images! - All the videos, songs, images, and graphics used in the video belong to their respective owners and I or this channel don't claim any rights over them. #cosplay #honorofkings ",2900000,319800,858,13200,0
vanzzcoser,7587243360511855893,2025-12-24 10:19:20,出镜/CN:张佾堇 来源 ─ source: 抖音 | Douyin 扮演者的名字 ─ Cosplayer:只是简言 ───────────────────── 如果你知道另一个页面属于所有者，请告诉我。 请通过电子邮件或私信联系我，如果角色扮演者来源的标签或命名有误。 #cosplay ,190100,26300,73,2389,19
vanzzcoser,7585685673974271252,2025-12-20 05:34:49,出镜/CN:芋泥啵啵📷 来源 ─ source: 抖音 | Douyin 扮演者的名字 ─ Cosplayer:走路摇zly ───────────────────── 如果你知道另一个页面属于所有者，请告诉我。 请通过电子邮件或私信联系我，如果角色扮演者来源的标签或命名有误。 #cosplay ,2100000,189900,642,11200,10
vanzzcoser,7633320368467660052,2026-04-27 14:21:44,出镜/CN:酸奶酸奶_ 游戏 ─ Games: 鸣潮 | Wuthering Waves 来源 ─ source: 哔哩哔哩 | bilibili 扮演者的名字 ─ Cosplayer: 酸奶酸奶_ ───────────────────── 如果你知道另一个页面属于所有者，请告诉我。 请通过电子邮件或私信联系我，如果角色扮演者来源的标签或命名有误。 #cosplay #wutheringwaves ,2040,285,1,10,24
vanzzcoser,7633173873466281237,2026-04-27 04:53:14,出镜/CN:郁冥塔 游戏 ─ Games: 鸣潮 | Wuthering Waves 来源 ─ source: 抖音 | Douyin 扮演者的名字 ─ Cosplayer: 郁冥塔 ───────────────────── 如果你知道另一个页面属于所有者，请告诉我。 请通过电子邮件或私信联系我，如果角色扮演者来源的标签或命名有误。 #cosplay #wutheringwaves ,1229,150,2,3,0
vanzzcoser,7631237972955827477,2026-04-21 23:40:57,出镜/CN:晚棠棠棠棠 游戏 ─ Games: 永劫无间手游 | Naraka: Bladepoint 来源 ─ source: 抖音 | Douyin 扮演者的名字 ─ Cosplayer: 晚棠棠棠棠 ───────────────────── 如果你知道另一个页面属于所有者，请告诉我。 请通过电子邮件或私信联系我，如果角色扮演者来源的标签或命名有误。 #cosplay #narakabladepoint ,2442,163,3,2,14
vanzzcoser,7630755961942199573,2026-04-20 16:30:36,"出镜/CN:玩家📷 游戏 ─ Games: 鸣潮 | Wuthering Waves 来源 ─ source: 抖音 | Douyin 扮演者的名字 ─ Cosplayer: ---? ────────────────── 如果你知道另一个页面属于所有者, 请告诉我. 请通过电子邮件或私信联系我. 如果角色扮演者来源的标签或命名有误. #cosplay #wutheringwaves ",2145,105,1,1,0
vanzzcoser,7627786302871620884,2026-04-12 16:26:44,出镜/CN:王令子 来源 ─ source: 抖音 | Douyin 扮演者的名字 ─ Cosplayer: 王令子 ───────────────────── 如果你知道另一个页面属于所有者，请告诉我。 请通过电子邮件或私信联系我，如果角色扮演者来源的标签或命名有误。 #cosplay ,4789,290,2,14,9
vanzzcoser,7626997979550944532,2026-04-10 13:27:36,出镜/CN:是盈妹 电影 ─ Anime:-? 来源 ─ source: 抖音 | Douyin 扮演者的名字 ─ Cosplayer: 是盈妹 ───────────────────── 如果你知道另一个页面属于所有者，请告诉我。 请通过电子邮件或私信联系我，如果角色扮演者来源的标签或命名有误。 #cosplay ,8463,679,6,23,17
vanzzcoser,7625871730044636436,2026-04-07 12:37:13,出镜/CN:舟述 游戏 ─ Games: 原神 | Genshin Impact 虚构人物 ─ character:Yae Miko 来源 ─ source: 抖音 | Douyin 扮演者的名字 ─ Cosplayer: 舟述 ───────────────────── 如果你知道另一个页面属于所有者，请告诉我。 请通过电子邮件或私信联系我，如果角色扮演者来源的标签或命名有误。 #cosplay #genshin_impact #yaemiko ,4840,181,1,16,16
vanzzcoser,7624711662917913877,2026-04-04 09:35:34,"出镜/CN:佐流Saryu 游戏 ─ Games: 原神 | Genshin Impact 来源 ─ source: 抖音 | Douyin 扮演者的名字 ─ Cosplayer: 佐流Saryu ────────────────── 如果你知道另一个页面属于所有者, 请告诉我. 请通过电子邮件或私信联系我. 如果角色扮演者来源的标签或命名有误. ────────────────── © Copyright - I have no rights on the video or images! - All the videos, songs, images, and graphics used in the video belong to their respective owners and I or this channel don't claim any rights over them. #cosplay #genshin_impact ",7273,394,2,13,12
vanzzcoser,7624530204475542804,2026-04-03 21:51:20,"出镜/CN:旺仔牛奶糖给你吃个屁 游戏 ─ Games: 鸣潮 | Wuthering Waves 来源 ─ source: 抖音 | Douyin 扮演者的名字 ─ Cosplayer: 旺仔牛奶糖给你吃个屁 ────────────────── 如果你知道另一个页面属于所有者, 请告诉我. 请通过电子邮件或私信联系我. 如果角色扮演者来源的标签或命名有误. ────────────────── © Copyright - I have no rights on the video or images! - All the videos, songs, images, and graphics used in the video belong to their respective owners and I or this channel don't claim any rights over them. #cosplay #wutheringwaves ",4739,195,2,8,0
vanzzcoser,7623621256365133077,2026-04-01 11:04:12,"出镜/CN:楽楽茶 游戏 ─ Games: 鸣潮 | Wuthering Waves 来源 ─ source: 抖音 | Douyin 扮演者的名字 ─ Cosplayer: 楽楽茶 ────────────────── 如果你知道另一个页面属于所有者, 请告诉我. 请通过电子邮件或私信联系我. 如果角色扮演者来源的标签或命名有误. ────────────────── © Copyright - I have no rights on the video or images! - All the videos, songs, images, and graphics used in the video belong to their respective owners and I or this channel don't claim any rights over them. #cosplay #wutheringwaves #rtx5090dv2 ",5727,256,4,6,0
vanzzcoser,7622827573164150037,2026-03-30 07:44:29,"出镜/CN:144081791 来源 ─ source: 抖音 | Douyin ────────────────── 如果你知道另一个页面属于所有者, 请告诉我. 请通过电子邮件或私信联系我. 如果角色扮演者来源的标签或命名有误. ────────────────── © Copyright - I have no rights on the video or images! - All the videos, songs, images, and graphics used in the video belong to their respective owners and I or this channel don't claim any rights over them. #rtx5090dv2 #rog #igame #lianli ",8256,251,0,13,0
vanzzcoser,7622596814247726356,2026-03-29 16:48:57,"出镜/CN:天才绥靖少女张伯伦 游戏 ─ Games: 鸣潮 | Wuthering Waves 来源 ─ source: 抖音 | Douyin 扮演者的名字 ─ Cosplayer: --? ────────────────── 如果你知道另一个页面属于所有者, 请告诉我. 请通过电子邮件或私信联系我. 如果角色扮演者来源的标签或命名有误. ────────────────── © Copyright - I have no rights on the video or images! - All the videos, songs, images, and graphics used in the video belong to their respective owners and I or this channel don't claim any rights over them. #cosplay #wutheringwaves ",8384,541,3,30,0
vanzzcoser,7621743819846978836,2026-03-27 09:38:59,"出镜/CN:苏苏鸭 游戏 ─ Games: 鸣潮 | Wuthering Waves 虚构人物 ─ character:坎特蕾拉 来源 ─ source: 抖音 | Douyin 扮演者的名字 ─ Cosplayer: 苏苏鸭 ────────────────── 如果你知道另一个页面属于所有者, 请告诉我. 请通过电子邮件或私信联系我. 如果角色扮演者来源的标签或命名有误. ────────────────── © Copyright - I have no rights on the video or images! - All the videos, songs, images, and graphics used in the video belong to their respective owners and I or this channel don't claim any rights over them. #cosplay #wutheringwaves #坎特蕾拉 ",8978,863,7,56,0
vanzzcoser,7621093615242136852,2026-03-25 18:59:05,"出镜/CN:原天夕子_ 来源 ─ source: 抖音 | Douyin 扮演者的名字 ─ Cosplayer:原天夕子_  ────────────────── 如果你知道另一个页面属于所有者, 请告诉我. 请通过电子邮件或私信联系我. 如果角色扮演者来源的标签或命名有误. ────────────────── © Copyright - I have no rights on the video or images! - All the videos, songs, images, and graphics used in the video belong to their respective owners and I or this channel don't claim any rights over them. #cosplay ",187900,6191,23,150,11
vanzzcoser,7621067984794062101,2026-03-25 13:56:16,"出镜/CN:柴郡猫郡主 来源 ─ source: 抖音 | Douyin 扮演者的名字 ─ Cosplayer: 柴郡猫郡主 | 你的欲梦 ────────────────── 如果你知道另一个页面属于所有者, 请告诉我. 请通过电子邮件或私信联系我. 如果角色扮演者来源的标签或命名有误. ────────────────── © Copyright - I have no rights on the video or images! - All the videos, songs, images, and graphics used in the video belong to their respective owners and I or this channel don't claim any rights over them. #cosplay ",5730,151,1,6,8
vanzzcoser,7620641159479659796,2026-03-24 10:20:02,"出镜/CN:千千结ovo 游戏 ─ Games: 鸣潮 | Wuthering Waves 来源 ─ source: 抖音 | Douyin 扮演者的名字 ─ Cosplayer: 千千结ovo ────────────────── 如果你知道另一个页面属于所有者, 请告诉我. 请通过电子邮件或私信联系我. 如果角色扮演者来源的标签或命名有误. ────────────────── © Copyright - I have no rights on the video or images! - All the videos, songs, images, and graphics used in the video belong to their respective owners and I or this channel don't claim any rights over them. #cosplay #wutheringwaves ",7033,347,4,23,13
vanzzcoser,7619152164132261140,2026-03-20 10:01:56,"出镜/CN:小草莓林杉杉 游戏 ─ Games: 鸣潮 | Wuthering Waves 来源 ─ source: 抖音 | Douyin 扮演者的名字 ─ Cosplayer: 小草莓林杉杉 ────────────────── 如果你知道另一个页面属于所有者, 请告诉我. 请通过电子邮件或私信联系我. 如果角色扮演者来源的标签或命名有误. ────────────────── © Copyright - I have no rights on the video or images! - All the videos, songs, images, and graphics used in the video belong to their respective owners and I or this channel don't claim any rights over them. #cosplay #wutheringwaves ",42400,1735,25,138,16
vanzzcoser,7619152070075239700,2026-03-20 10:01:30,"出镜/CN:Momoko葵葵 游戏 ─ Games: 鸣潮 | Wuthering Waves 来源 ─ source: 抖音 | Douyin 扮演者的名字 ─ Cosplayer: Momoko葵葵 ────────────────── 如果你知道另一个页面属于所有者, 请告诉我. 请通过电子邮件或私信联系我. 如果角色扮演者来源的标签或命名有误. ────────────────── © Copyright - I have no rights on the video or images! - All the videos, songs, images, and graphics used in the video belong to their respective owners and I or this channel don't claim any rights over them. #cosplay #wutheringwaves ",6328,146,3,11,10
vanzzcoser,7618614281470299412,2026-03-18 23:14:34,"出镜/CN: 神的第二人格 | 大小姐 来源 ─ source: 抖音 | Douyin ────────────────── 如果你知道另一个页面属于所有者, 请告诉我. 请通过电子邮件或私信联系我. 如果角色扮演者来源的标签或命名有误. ────────────────── © Copyright - I have no rights on the video or images! - All the videos, songs, images, and graphics used in the video belong to their respective owners and I or this channel don't claim any rights over them. #rtx #fyp ",6718,130,3,6,0
vanzzcoser,7617787277695143188,2026-03-16 17:45:32,"出镜/CN:镜酱_ 游戏 ─ Games: 鸣潮 | Wuthering Waves 来源 ─ source: 抖音 | Douyin 扮演者的名字 ─ Cosplayer: 镜酱_ ────────────────── 如果你知道另一个页面属于所有者, 请告诉我. 请通过电子邮件或私信联系我. 如果角色扮演者来源的标签或命名有误. ────────────────── © Copyright - I have no rights on the video or images! - All the videos, songs, images, and graphics used in the video belong to their respective owners and I or this channel don't claim any rights over them. #cosplay  #wutheringwaves ",9082,162,2,7,7
vanzzcoser,7617564044177722645,2026-03-16 03:19:12,"出镜/CN:清星尘 | 六幺幺 游戏 ─ Games: 鸣潮 | Wuthering Waves 来源 ─ source: 抖音 | Douyin 扮演者的名字 ─ Cosplayer: 六幺幺 ────────────────── 如果你知道另一个页面属于所有者, 请告诉我. 请通过电子邮件或私信联系我. 如果角色扮演者来源的标签或命名有误. ────────────────── © Copyright - I have no rights on the video or images! - All the videos, songs, images, and graphics used in the video belong to their respective owners and I or this channel don't claim any rights over them. #cosplay #wutheringwaves #rtx5080 ",13400,527,1,16,0
vanzzcoser,7616606352705588500,2026-03-13 13:22:53,出镜/CN:兔田Nini 游戏 ─ Games: 明日方舟终末地 | arknights endfield 来源 ─ source: 抖音 | Douyin 扮演者的名字 ─ Cosplayer: 兔田Nini ───────────────────── 如果你知道另一个页面属于所有者，请告诉我。 请通过电子邮件或私信联系我，如果角色扮演者来源的标签或命名有误。 #cosplay #arknightsendfield ,14000,607,2,35,10
vanzzcoser,7614542380565417237,2026-03-07 23:53:36,出镜/CN:小云别 游戏 ─ Games: valorant 来源 ─ source: 抖音 | Douyin 扮演者的名字 ─ Cosplayer: 小云别 ───────────────────── 如果你知道另一个页面属于所有者，请告诉我。 请通过电子邮件或私信联系我，如果角色扮演者来源的标签或命名有误。 #cosplay #valorant ,12500,276,3,7,13
vanzzcoser,7613156653222874389,2026-03-04 06:16:18,出镜/CN:九九是天才 来源 ─ source: 抖音 | Douyin 扮演者的名字 ─ Cosplayer: 九九是天才 ───────────────────── 如果你知道另一个页面属于所有者，请告诉我。 请通过电子邮件或私信联系我，如果角色扮演者来源的标签或命名有误。 #cosplay #anime ,32100,3646,33,292,12
vanzzcoser,7611477554792336660,2026-02-27 17:40:28,😂😂 出镜/CN:虫二💩 游戏 ─ Games: 鸣潮 | Wuthering Waves 来源 ─ source: 抖音 | Douyin 扮演者的名字 ─ Cosplayer: 虫二💩 ───────────────────── 如果你知道另一个页面属于所有者，请告诉我。 请通过电子邮件或私信联系我，如果角色扮演者来源的标签或命名有误。 #wutheringwaves #cosplay ,12600,304,2,6,6
vanzzcoser,7610752448562728212,2026-02-25 18:46:44,出镜/CN:努力的十八 游戏 ─ Games: 绝区零 | Zenless Zone Zero 来源 ─ source: 抖音 | Douyin 扮演者的名字 ─ Cosplayer: 努力的十八 ───────────────────── 如果你知道另一个页面属于所有者，请告诉我。 请通过电子邮件或私信联系我，如果角色扮演者来源的标签或命名有误。 #cosplay #zenlesszonezero ,16500,1039,9,61,9
vanzzcoser,7610218845730671892,2026-02-24 08:16:06,出镜/CN:零零好困 来源 ─ source: 抖音 | Douyin 扮演者的名字 ─ Cosplayer: 零零好困 ───────────────────── 如果你知道另一个页面属于所有者，请告诉我。 请通过电子邮件或私信联系我，如果角色扮演者来源的标签或命名有误。 #rtx #cosplay ,11300,187,5,12,7
vanzzcoser,7609599720779959573,2026-02-22 16:13:31,出镜/CN:小正义teioku 来源 ─ source: 抖音 | Douyin 扮演者的名字 ─ Cosplayer: 小正义teioku ───────────────────── 如果你知道另一个页面属于所有者，请告诉我。 请通过电子邮件或私信联系我，如果角色扮演者来源的标签或命名有误。 #cosplay ,10800,366,2,11,15
vanzzcoser,7609599637569195284,2026-02-22 16:13:15,出镜/CN:柠好 来源 ─ source: 抖音 | Douyin 扮演者的名字 ─ Cosplayer: 小正义teioku ───────────────────── 如果你知道另一个页面属于所有者，请告诉我。 请通过电子邮件或私信联系我，如果角色扮演者来源的标签或命名有误。 #cosplay ,10400,295,2,2,8
vanzzcoser,7609599595483598100,2026-02-22 16:12:59,出镜/CN:柠好 来源 ─ source: 抖音 | Douyin 扮演者的名字 ─ Cosplayer: 小正义teioku ───────────────────── 如果你知道另一个页面属于所有者，请告诉我。 请通过电子邮件或私信联系我，如果角色扮演者来源的标签或命名有误。 #cosplay ,9096,255,2,8,9
vanzzcoser,7609238604778425621,2026-02-21 16:52:10,出镜/CN:枣子 游戏 ─ Games: 永劫无间手游 | Naraka: Bladepoint 来源 ─ source: 抖音 | Douyin 扮演者的名字 ─ Cosplayer: 帆仔Oink ───────────────────── 如果你知道另一个页面属于所有者，请告诉我。 请通过电子邮件或私信联系我，如果角色扮演者来源的标签或命名有误。 #cosplay #narakabladepoint ,11600,487,2,12,9
vanzzcoser,7608431578431130901,2026-02-19 12:40:31,出镜/CN:妮露露 游戏 ─ Games: 崩坏:星穹铁道 | Honkai Star Rail 来源 ─ source: 抖音 | Douyin 扮演者的名字 ─ Cosplayer: 妮露露 ───────────────────── 如果你知道另一个页面属于所有者，请告诉我。 请通过电子邮件或私信联系我，如果角色扮演者来源的标签或命名有误。 #cosplay #honkaistarrail ,10000,337,2,8,0
vanzzcoser,7608424693028097301,2026-02-19 12:13:51,出镜/CN:miko酱ww 游戏 ─ Games: 鸣潮 | Wuthering Waves 来源 ─ source: 微博 | Weibo 扮演者的名字 ─ Cosplayer: miko酱ww ───────────────────── 如果你知道另一个页面属于所有者，请告诉我。 请通过电子邮件或私信联系我，如果角色扮演者来源的标签或命名有误。 #wutheringwaves #cosplay ,9754,380,6,19,0
vanzzcoser,7607971573940768020,2026-02-18 06:55:37,出镜/CN:给萝拍一下 游戏 ─ Games: 鸣潮 | Wuthering Waves 来源 ─ source: 抖音 | Douyin 扮演者的名字 ─ Cosplayer: Momoko葵葵 ───────────────────── 如果你知道另一个页面属于所有者，请告诉我。 请通过电子邮件或私信联系我，如果角色扮演者来源的标签或命名有误。 #cosplay #wutheringwaves ,160000,18400,83,668,8
vanzzcoser,7607799644688485652,2026-02-17 19:48:13,出镜/CN:是什么鸽子 来源 ─ source: 抖音 | Douyin 扮演者的名字 ─ Cosplayer: 是什么鸽子 all photos are on Taobao: 阿九的妙妙屋 ───────────────────── 如果你知道另一个页面属于所有者，请告诉我。 请通过电子邮件或私信联系我，如果角色扮演者来源的标签或命名有误。 #cosplay #是什么鸽子 ,14600,546,8,20,0
vanzzcoser,7607799322826034452,2026-02-17 19:46:58,出镜/CN:荔枝小桃 来源 ─ source: 抖音 | Douyin 扮演者的名字 ─ Cosplayer: 荔枝小桃 ───────────────────── 如果你知道另一个页面属于所有者，请告诉我。 请通过电子邮件或私信联系我，如果角色扮演者来源的标签或命名有误。 #cosplay ,9376,180,1,4,13
vanzzcoser,7607009039154810132,2026-02-15 16:40:18,出镜/CN:江一帆 来源 ─ source: 抖音 | Douyin 扮演者的名字 ─ Cosplayer: 江一帆 ───────────────────── 如果你知道另一个页面属于所有者，请告诉我。 请通过电子邮件或私信联系我，如果角色扮演者来源的标签或命名有误。 #cosplay ,55800,4236,37,187,21
vanzzcoser,7605426767456734485,2026-02-11 10:20:18,#wutheringwaves ,9679,144,2,7,54
vanzzcoser,7604923886165150996,2026-02-10 01:48:56,出镜/CN:芝士喵喵 游戏 ─ Games: 原神 | Genshin Impact 虚构人物 ─ character:Yaemiko 来源 ─ source: 抖音 | Douyin 扮演者的名字 ─ Cosplayer: 芝士喵喵 ───────────────────── 如果你知道另一个页面属于所有者，请告诉我。 请通过电子邮件或私信联系我，如果角色扮演者来源的标签或命名有误。 #cosplay #yaemiko #genshin_impact ,187200,2727,30,148,0
vanzzcoser,7604491975437438229,2026-02-08 21:52:48,出镜/CN:丹丹丹婷 游戏 ─ Games: 鸣潮 | Wuthering Waves 来源 ─ source:抖音 | Douyin 扮演者的名字 ─ Cosplayer: 丹丹丹婷 ───────────────────── 如果你知道另一个页面属于所有者，请告诉我。 请通过电子邮件或私信联系我，如果角色扮演者来源的标签或命名有误。 #cosplay #wutheringwaves ,32500,3424,13,233,10
vanzzcoser,7604288563110251797,2026-02-08 08:43:28,出镜/CN:红叶宵宵 游戏 ─ Games: 鸣潮 | Wuthering Waves 虚构人物 ─ character:爱弥斯 来源 ─ source: 抖音 | Douyin 扮演者的名字 ─ Cosplayer: 红叶宵宵 ───────────────────── 如果你知道另一个页面属于所有者，请告诉我。 请通过电子邮件或私信联系我，如果角色扮演者来源的标签或命名有误。 #cosplay #wutheringwaves #爱弥斯 ,9181,195,2,4,7
vanzzcoser,7603061897142832405,2026-02-05 01:23:22,出镜/CN:小宇控＞𐋣＜ 来源 ─ source: 抖音 | Douyin 扮演者的名字 ─ Cosplayer: 小宇控＞𐋣＜ ───────────────────── 如果你知道另一个页面属于所有者，请告诉我。 请通过电子邮件或私信联系我，如果角色扮演者来源的标签或命名有误。 #cosplay ,11800,370,4,19,11
vanzzcoser,7601592128673795348,2026-02-01 02:19:56,出镜/CN:心软的神 游戏 ─ Games: 鸣潮 | Wuthering Waves 虚构人物 ─ character:iuno 来源 ─ source: 抖音 | Douyin 扮演者的名字 ─ Cosplayer: 心软的神 ───────────────────── 如果你知道另一个页面属于所有者，请告诉我。 请通过电子邮件或私信联系我，如果角色扮演者来源的标签或命名有误。 #cosplay #wutheringwaves #iuno ,14300,449,3,36,7
vanzzcoser,7601589469623405844,2026-02-01 02:09:33,出镜/CN:兔田Nini 游戏 ─ Games: 原神 | Genshin Impact 来源 ─ source: 抖音 | Douyin 扮演者的名字 ─ Cosplayer: 兔田Nini ───────────────────── 如果你知道另一个页面属于所有者，请告诉我。 请通过电子邮件或私信联系我，如果角色扮演者来源的标签或命名有误。 #cosplay #genshin_impact ,322900,9748,125,734,11
vanzzcoser,7600506910277782805,2026-01-29 04:08:50,出镜/CN:小正义teioku 来源 ─ source: 抖音 | Douyin 扮演者的名字 ─ Cosplayer: 小正义teioku ───────────────────── 如果你知道另一个页面属于所有者，请告诉我。 请通过电子邮件或私信联系我，如果角色扮演者来源的标签或命名有误。 #cosplay ,16900,525,7,36,11
vanzzcoser,7600325603752955156,2026-01-28 16:25:09,出镜/CN:曲奇琦 游戏 ─ Games: 原神 | Genshin Impact 虚构人物 ─ character:Yae Miko 来源 ─ source: 抖音 | Douyin 扮演者的名字 ─ Cosplayer: 曲奇琦 ───────────────────── 如果你知道另一个页面属于所有者，请告诉我。 请通过电子邮件或私信联系我，如果角色扮演者来源的标签或命名有误。 #cosplay #genshin_impact #yaemiko ,12300,373,3,21,10
vanzzcoser,7600311407401340181,2026-01-28 15:30:10,出镜/CN:$8X8N 游戏 ─ Games: 明日方舟终末地 | arknights endfield 来源 ─ source: 抖音 | Douyin 扮演者的名字 ─ Cosplayer: $8X8N ───────────────────── 如果你知道另一个页面属于所有者，请告诉我。 请通过电子邮件或私信联系我，如果角色扮演者来源的标签或命名有误。 #cosplay #arknightsendfield ,11300,349,3,19,6
vanzzcoser,7599770114304560404,2026-01-27 04:29:46,#wutheringwaves #cosplay ,27100,1940,7,122,9
vanzzcoser,7599147064597007637,2026-01-25 12:11:57,出镜/CN:饿晕 游戏 ─ Games: valorant 来源 ─ source: 抖音 | Douyin 扮演者的名字 ─ Cosplayer: 饿晕 ───────────────────── 如果你知道另一个页面属于所有者，请告诉我。 请通过电子邮件或私信联系我，如果角色扮演者来源的标签或命名有误。 #cosplay #valorantshorts ,77200,6459,18,318,9
vanzzcoser,7598624106031992084,2026-01-24 02:22:41,出镜/CN:忧郁的由 游戏 ─ Games: 鸣潮 | Wuthering Waves 来源 ─ source: 抖音 | Douyin 扮演者的名字 ─ Cosplayer: 忧郁的由 ───────────────────── 如果你知道另一个页面属于所有者，请告诉我。 请通过电子邮件或私信联系我，如果角色扮演者来源的标签或命名有误。 #wutheringwaves #cosplay ,12000,265,4,7,10
vanzzcoser,7598272183642705172,2026-01-23 03:37:08,出镜/CN:畅子 来源 ─ source: 抖音 | Douyin 扮演者的名字 ─ Cosplayer:畅子 ───────────────────── 如果你知道另一个页面属于所有者，请告诉我。 请通过电子邮件或私信联系我，如果角色扮演者来源的标签或命名有误。 #cosplay ,12400,366,4,18,11
vanzzcoser,7598106413763808533,2026-01-22 16:53:36,出镜/CN:一拳狗奈 游戏 ─ Games: 明日方舟终末地 | arknights endfield 来源 ─ source: 抖音 | Douyin 扮演者的名字 ─ Cosplayer: 一拳狗奈 ───────────────────── 如果你知道另一个页面属于所有者，请告诉我。 请通过电子邮件或私信联系我，如果角色扮演者来源的标签或命名有误。 #cosplay #arknightsendfield ,11700,383,2,7,12
vanzzcoser,7597785027660762388,2026-01-21 20:06:25,出镜/CN:帆仔Oink 游戏 ─ Games: 鸣潮 | Wuthering Waves 来源 ─ source: 抖音 | Douyin 扮演者的名字 ─ Cosplayer: 帆仔Oink ───────────────────── 如果你知道另一个页面属于所有者，请告诉我。 请通过电子邮件或私信联系我，如果角色扮演者来源的标签或命名有误。 #cosplay #wutheringwaves ,11200,269,3,15,10
vanzzcoser,7597755832138239253,2026-01-21 18:13:11,出镜/CN:吉萌 游戏 ─ Games: 绝区零 | Zenless Zone Zero 来源 ─ source: 抖音 | Douyin 扮演者的名字 ─ Cosplayer: 吉萌 ───────────────────── 如果你知道另一个页面属于所有者，请告诉我。 请通过电子邮件或私信联系我，如果角色扮演者来源的标签或命名有误。 #cosplay #zenlesszonezero ,9456,193,2,20,8
vanzzcoser,7597398267101515029,2026-01-20 19:05:38,出镜/CN:是什么鸽子 来源 ─ source: 微博 | Weibo 扮演者的名字 ─ Cosplayer: 是什么鸽子 ───────────────────── 如果你知道另一个页面属于所有者，请告诉我。 请通过电子邮件或私信联系我，如果角色扮演者来源的标签或命名有误。 #cosplay ,9633,244,2,4,0
vanzzcoser,7597395475876089108,2026-01-20 18:54:52,出镜/CN:王墨绫子 来源 ─ source: 抖音 | Douyin 扮演者的名字 ─ Cosplayer: 王墨绫子 ───────────────────── 如果你知道另一个页面属于所有者，请告诉我。 请通过电子邮件或私信联系我，如果角色扮演者来源的标签或命名有误。 #cosplay ,8013,154,0,5,35
vanzzcoser,7596897242552864021,2026-01-19 10:41:34,出镜/CN:绝世蘑菇 游戏 ─ Games: 原神 | Genshin Impact 来源 ─ source: 抖音 | Douyin 扮演者的名字 ─ Cosplayer: 绝世蘑菇 | 无敌少侠 ───────────────────── 如果你知道另一个页面属于所有者，请告诉我。 请通过电子邮件或私信联系我，如果角色扮演者来源的标签或命名有误。 #cosplay #genshin_impact ,8008,207,3,11,12
vanzzcoser,7596675830852406549,2026-01-18 20:22:15,出镜/CN:一只妖妹 游戏 ─ Games: 鸣潮 | Wuthering Waves 来源 ─ source: 抖音 | Douyin 扮演者的名字 ─ Cosplayer: 一只妖妹 ───────────────────── 如果你知道另一个页面属于所有者，请告诉我。 请通过电子邮件或私信联系我，如果角色扮演者来源的标签或命名有误。 #cosplay #wutheringwaves ,8937,248,5,11,10
